Team,Map,ACS,K,D,A,KD_DIFF,ADR,HS%,ECON,FK,FD,KPR,DPR,APR,FKPR,FDPR,2K,3K,4K,5K,1v1,1v2,1v3,1v4,1v5,PL,DE,total_mult_kill,MKPR,total_clutch,CPR,jett,raze,phoenix,reyna,yoru,omen,brimstone,viper,cypher,sage,killjoy,breach,sova,skye,rounds_won,rounds_lost,ct_rounds_won,ct_rounds_lost,t_rounds_won,t_rounds_lost,total_rounds,win_rate,ct_wr,t_wr,Pistol_W,Pistol_P,Pistol_WR,Eco_0_5_P,Eco_0_5_W,Eco_0_5_WR,Semi_Eco_5_10_P,Semi_Eco_5_10_W,Semi_Eco_5_10_WR,Semi_Buy_10_20_P,Semi_Buy_10_20_W,Semi_Buy_10_20_WR,Full_Buy_20_P,Full_Buy_20_W,Full_Buy_20_WR
1tap,ASCENT,200.57,12.57,16.14,2.57,-3.57,121.74,26.43,48.43,9.0,18.0,4.63,5.93,0.95,0.48,0.94,20.0,4.0,0.0,0.0,2.0,0.0,0.0,0.0,0.0,6.0,2.0,24.0,1.26,2.0,0.1,2.0,0.0,0.0,1.0,0.0,1.0,0.0,0.0,0.0,0.0,2.0,0.0,1.0,0.0,6.0,13.0,5.0,7.0,1.0,6.0,19.0,31.58,41.67,14.29,1.0,2.0,50.0,3.0,1.0,33.0,3.0,1.0,33.0,5.0,1.0,20.0,8.0,3.0,38.0
1tap,BIND,174.21,13.07,15.93,4.08,-2.86,113.96,20.57,48.5,12.5,19.0,4.15,5.06,1.28,0.57,0.88,16.5,4.5,0.5,0.0,0.5,0.0,0.0,0.0,0.0,6.0,2.5,21.5,0.97,0.5,0.02,2.0,0.0,1.0,0.0,0.0,1.0,0.0,0.0,0.0,1.0,1.0,0.0,1.0,0.0,9.0,13.0,5.5,5.0,3.5,8.0,22.0,40.79,51.38,30.3,0.5,2.0,25.0,3.5,0.5,16.5,1.0,0.5,50.0,3.0,1.5,62.5,14.5,6.5,45.0
3P,ASCENT,188.2,13.4,16.4,4.0,-3.0,111.3,17.8,45.6,6.0,15.0,3.18,3.9,0.96,0.29,0.72,12.0,4.0,0.0,1.0,0.0,1.0,0.0,1.0,0.0,6.0,1.0,17.0,0.83,2.0,0.1,1.0,1.0,1.0,0.0,0.0,1.0,0.0,0.0,0.0,0.0,0.0,0.0,1.0,0.0,8.0,13.0,3.0,6.0,5.0,7.0,21.0,38.1,33.33,41.67,1.0,2.0,50.0,2.0,1.0,50.0,2.0,2.0,100.0,8.0,2.0,25.0,9.0,3.0,33.0
ANA,SPLIT,164.07,10.13,14.13,3.53,-4.0,100.0,19.0,40.67,7.33,11.0,2.75,3.94,0.97,0.42,0.59,10.33,1.33,0.33,0.0,1.0,0.0,0.0,0.0,0.0,3.33,1.67,12.0,0.64,1.0,0.06,0.67,1.0,0.0,0.33,0.0,0.67,0.33,0.0,1.0,0.0,0.0,0.67,0.33,0.0,5.33,13.0,3.0,9.0,2.33,4.0,18.33,27.73,25.0,40.0,0.67,2.0,33.33,3.33,1.0,30.33,0.67,0.0,0.0,5.67,2.0,38.0,8.67,2.33,23.0
ATHZ,ASCENT,211.6,17.8,17.0,6.0,0.8,128.08,18.0,51.0,13.0,11.0,3.7,3.54,1.25,0.53,0.45,18.0,4.0,0.0,0.0,1.0,0.0,0.0,0.0,0.0,8.0,3.0,22.0,0.92,1.0,0.04,1.0,0.0,0.0,0.0,0.0,1.0,0.0,0.0,1.0,0.0,0.0,1.0,1.0,0.0,11.0,13.0,8.0,4.0,3.0,9.0,24.0,45.83,66.67,25.0,2.0,2.0,100.0,3.0,2.0,67.0,2.0,0.0,0.0,4.0,2.0,50.0,15.0,7.0,47.0
ATHZ,BIND,181.4,14.2,16.2,5.8,-2.0,113.12,20.0,44.6,14.0,9.0,3.09,3.54,1.25,0.6,0.38,12.0,5.0,0.0,0.0,0.0,1.0,0.0,0.0,0.0,7.0,2.0,17.0,0.73,1.0,0.04,1.0,1.0,0.0,0.0,0.0,1.0,0.0,0.0,1.0,0.0,0.0,0.0,1.0,0.0,10.0,13.0,6.0,6.0,4.0,7.0,23.0,43.48,50.0,36.36,2.0,2.0,100.0,2.0,2.0,100.0,2.0,1.0,50.0,6.0,3.0,50.0,13.0,4.0,31.0
ATHZ,HAVEN,210.2,16.0,13.0,7.2,3.0,141.48,20.2,60.5,13.0,8.5,3.73,3.01,1.68,0.6,0.4,17.0,3.5,0.5,0.0,1.5,0.5,0.0,0.0,0.0,8.0,3.5,21.0,0.98,2.0,0.09,1.0,1.0,0.0,0.0,0.0,1.0,0.0,0.0,1.0,0.0,0.0,0.0,1.0,0.0,13.0,8.5,5.5,6.5,7.5,2.0,21.5,60.76,45.84,80.12,1.0,2.0,50.0,3.0,1.0,50.0,0.5,0.5,50.0,3.5,3.0,91.5,14.5,8.5,57.5
ATHZ,ICEBOX,203.1,15.4,16.6,4.5,-1.2,128.43,22.6,52.2,9.0,13.0,3.49,3.78,1.03,0.41,0.58,13.5,4.5,0.5,0.0,1.0,0.0,0.0,0.0,0.0,10.5,2.5,18.5,0.84,1.0,0.04,0.0,1.0,1.0,0.0,0.0,1.0,0.0,0.0,0.0,1.0,1.0,0.0,0.0,0.0,10.5,11.5,3.0,7.0,7.5,4.5,22.0,47.31,29.29,62.5,1.0,2.0,50.0,3.0,1.0,33.0,2.5,0.0,0.0,4.0,1.5,36.5,12.5,8.0,62.0
ATHZ,SPLIT,175.2,10.4,13.8,2.8,-3.4,120.96,17.4,56.6,9.0,9.0,2.9,3.83,0.79,0.51,0.51,6.0,3.0,0.0,0.0,0.0,0.0,0.0,0.0,0.0,1.0,2.0,9.0,0.51,0.0,0.0,1.0,1.0,0.0,0.0,0.0,1.0,0.0,0.0,1.0,0.0,0.0,1.0,0.0,0.0,5.0,13.0,5.0,7.0,0.0,6.0,18.0,27.78,41.67,0.0,0.0,2.0,0.0,4.0,0.0,0.0,3.0,0.0,0.0,1.0,0.0,0.0,10.0,5.0,50.0
B4,ASCENT,177.7,11.4,14.75,4.45,-3.35,113.46,19.9,45.9,7.0,11.75,3.04,3.93,1.19,0.38,0.63,10.5,2.75,0.25,0.0,0.25,0.0,0.0,0.0,0.0,6.25,0.0,13.5,0.72,0.25,0.01,1.0,0.25,0.0,0.0,0.0,1.0,0.0,0.0,0.75,0.75,0.0,0.25,1.0,0.0,5.75,13.0,1.5,5.25,4.25,7.75,18.75,30.54,22.92,35.42,0.75,2.0,37.5,3.25,0.75,24.75,1.25,0.25,25.0,4.25,1.5,35.75,10.0,3.25,32.0
B4,BIND,194.87,17.53,17.8,6.2,-0.27,122.29,21.0,47.33,11.67,14.67,3.32,3.41,1.19,0.44,0.55,15.67,4.67,1.0,0.67,1.0,0.67,0.33,0.0,0.0,9.0,2.33,22.0,0.84,2.0,0.08,0.0,1.0,1.0,0.0,0.0,1.0,0.0,0.0,0.67,0.0,0.0,0.33,1.0,0.0,12.67,13.67,4.33,7.67,6.67,5.0,26.33,47.48,36.11,56.82,1.33,2.0,66.67,2.67,1.33,55.33,2.0,0.67,22.33,6.0,2.67,47.67,15.67,8.0,48.0
B4,HAVEN,185.0,13.87,16.27,5.6,-2.4,117.43,22.8,47.27,9.67,12.33,3.13,3.71,1.27,0.44,0.57,11.33,3.33,0.67,0.0,2.0,0.33,0.33,0.0,0.0,7.33,1.67,15.33,0.69,2.67,0.13,1.0,0.33,0.33,0.33,0.0,1.0,0.0,0.0,1.0,0.0,0.0,0.0,1.0,0.0,9.67,12.33,3.33,7.67,6.33,4.67,22.0,43.46,30.56,58.34,1.0,2.0,50.0,3.67,1.0,27.67,2.0,0.33,16.67,4.0,2.33,58.33,12.33,6.0,47.33
B4,SPLIT,198.6,14.47,15.0,4.8,-0.53,123.72,20.47,51.67,10.33,11.0,3.39,3.5,1.12,0.48,0.52,13.67,3.33,0.33,0.0,1.0,0.0,0.0,0.0,0.0,5.33,1.67,17.33,0.81,1.0,0.05,0.33,1.0,0.0,0.0,0.0,1.0,0.0,0.0,1.0,0.0,0.67,1.0,0.0,0.0,10.33,11.0,4.67,6.0,5.67,5.0,21.33,48.86,43.06,52.36,0.67,2.0,33.33,3.0,0.67,27.67,2.67,0.67,25.0,2.67,1.67,61.0,13.0,7.33,57.0
BD,ASCENT,213.09,14.58,12.78,5.6,1.8,129.67,21.02,53.56,10.73,8.73,3.77,3.25,1.44,0.56,0.45,13.0,4.36,0.73,0.0,1.09,0.55,0.09,0.0,0.0,6.36,2.09,18.09,0.94,1.73,0.09,0.91,0.64,0.18,0.27,0.0,1.0,0.0,0.0,0.55,0.0,0.27,0.18,1.0,0.0,11.45,8.0,6.45,2.82,5.0,5.18,19.45,59.86,71.34,51.52,1.27,2.0,63.64,2.64,1.27,59.0,0.91,0.18,18.18,4.36,2.64,62.27,11.55,7.36,63.64
BD,BIND,203.89,14.6,13.38,5.29,1.22,128.12,23.82,52.84,9.33,10.89,3.59,3.33,1.3,0.46,0.55,15.22,4.11,0.56,0.0,0.67,0.22,0.11,0.0,0.0,5.89,2.22,19.89,0.97,1.0,0.05,0.44,1.0,0.11,0.33,0.11,0.78,0.22,0.0,1.0,0.0,0.0,0.0,1.0,0.0,10.78,9.44,6.22,4.22,4.33,5.0,20.22,53.5,53.73,55.16,1.22,2.0,61.11,2.78,1.22,55.56,1.22,0.22,13.33,3.56,2.22,54.56,12.67,7.11,52.56
BD,HAVEN,197.31,14.94,15.37,5.37,-0.43,125.54,21.0,49.46,10.86,11.29,3.42,3.43,1.23,0.49,0.51,12.29,4.0,0.71,0.0,1.29,0.14,0.14,0.0,0.0,8.71,2.43,17.0,0.78,1.57,0.07,0.86,1.0,0.0,0.0,0.14,1.0,0.0,0.0,0.86,0.0,0.0,0.14,1.0,0.0,10.86,11.29,5.14,5.43,5.71,5.57,22.14,49.94,48.65,50.0,0.86,2.0,42.86,2.86,1.0,41.57,1.29,0.29,17.86,4.29,2.29,55.29,13.71,7.29,52.14
BD,SPLIT,192.44,15.0,16.24,5.12,-1.24,120.52,21.56,50.0,11.4,11.2,3.32,3.59,1.12,0.5,0.5,12.2,3.8,0.8,0.4,1.4,0.6,0.0,0.0,0.0,6.2,2.8,17.2,0.77,2.0,0.09,1.0,0.8,0.0,0.2,0.0,1.0,0.0,0.2,1.0,0.0,0.0,0.8,0.0,0.0,10.4,12.2,6.4,5.0,4.0,7.2,22.6,46.0,55.56,35.76,1.4,2.0,70.0,3.2,1.4,50.0,2.0,0.6,36.6,4.0,1.2,18.6,13.4,7.2,52.8
DG,ASCENT,197.8,20.7,23.3,6.9,-2.6,138.96,20.8,49.3,15.5,15.5,3.3,3.9,1.14,0.48,0.52,16.0,8.0,2.0,0.0,2.0,1.0,0.0,0.0,0.0,7.0,1.5,26.0,0.86,3.0,0.11,0.0,1.0,0.0,0.5,0.0,1.0,0.0,0.0,1.0,0.0,0.0,0.5,1.0,0.0,14.5,16.5,6.0,6.0,3.5,6.5,31.0,43.69,50.0,33.34,0.5,2.0,25.0,4.5,0.5,16.5,1.5,0.5,25.0,3.0,1.0,37.5,22.0,12.5,60.5
DG,BIND,174.8,15.4,19.6,3.4,-4.2,111.8,19.6,39.6,14.0,12.0,2.96,3.77,0.66,0.53,0.46,15.0,3.0,0.0,0.0,2.0,1.0,1.0,0.0,0.0,4.0,3.0,18.0,0.7,4.0,0.16,0.0,1.0,1.0,0.0,0.0,1.0,0.0,0.0,1.0,0.0,0.0,0.0,1.0,0.0,12.0,14.0,10.0,2.0,2.0,10.0,26.0,46.15,83.33,16.67,1.0,2.0,50.0,3.0,1.0,33.0,2.0,0.0,0.0,6.0,4.0,67.0,15.0,7.0,47.0
DG,HAVEN,208.33,18.8,17.47,7.87,1.33,134.24,19.73,49.53,14.0,11.67,3.69,3.35,1.5,0.57,0.44,19.0,4.0,1.0,0.0,0.33,0.67,0.67,0.0,0.0,8.67,4.0,24.0,0.95,1.67,0.06,0.0,1.0,0.0,1.0,0.0,1.0,0.0,0.0,1.0,0.0,0.0,0.0,1.0,0.0,14.0,11.67,6.0,6.0,6.33,4.0,25.67,55.9,50.0,62.7,1.67,2.0,83.33,2.67,1.67,66.67,1.33,0.33,8.33,4.67,2.67,44.67,17.0,9.33,57.0
DG,SPLIT,183.6,13.0,16.4,5.0,-3.4,128.08,23.6,50.4,12.0,9.0,3.09,3.9,1.19,0.58,0.44,11.0,4.0,0.0,0.0,2.0,0.0,0.0,0.0,0.0,9.0,0.0,15.0,0.71,2.0,0.1,0.0,1.0,0.0,1.0,0.0,1.0,0.0,0.0,1.0,0.0,0.0,1.0,0.0,0.0,8.0,13.0,0.0,12.0,8.0,1.0,21.0,38.1,0.0,88.89,1.0,2.0,50.0,3.0,1.0,33.0,2.0,0.0,0.0,6.0,1.0,17.0,10.0,6.0,60.0
DLWZK,ASCENT,203.48,14.28,14.24,5.44,0.04,130.89,19.88,54.04,10.4,9.8,3.57,3.47,1.36,0.52,0.48,13.6,3.2,1.4,0.0,1.0,0.6,0.2,0.0,0.0,7.0,2.2,18.2,0.91,1.8,0.09,1.0,1.0,0.0,0.0,0.0,1.0,0.0,0.0,0.2,0.0,0.8,0.0,1.0,0.0,10.0,10.2,5.0,4.2,5.0,6.0,20.2,51.12,57.86,42.8,1.0,2.0,50.0,2.8,1.2,43.2,1.6,0.4,13.4,7.2,3.4,48.4,9.8,5.6,51.4
DLWZK,BIND,193.7,13.6,16.1,5.6,-2.5,122.14,20.9,50.2,7.0,14.0,3.2,3.88,1.31,0.32,0.68,15.5,4.0,0.5,0.0,1.0,1.0,0.0,0.0,0.0,6.0,1.5,20.0,0.93,2.0,0.1,1.0,1.0,0.0,0.0,0.0,1.0,0.0,0.0,1.0,0.0,0.0,0.0,1.0,0.0,8.0,13.0,4.5,7.5,3.5,5.5,21.0,36.8,37.5,33.34,1.0,2.0,50.0,3.5,1.0,33.5,2.0,0.5,25.0,7.0,4.0,53.5,8.5,2.5,29.5
DLWZK,HAVEN,186.13,15.0,16.8,5.47,-1.8,117.64,17.33,44.4,10.67,12.67,3.14,3.68,1.15,0.44,0.55,11.67,4.67,1.33,0.33,0.67,0.33,0.67,0.0,0.0,9.0,2.67,18.0,0.75,1.67,0.08,1.0,1.0,0.0,0.0,0.0,1.0,0.0,0.0,1.0,0.0,0.0,0.0,1.0,0.0,10.33,13.0,5.33,4.67,4.67,7.33,23.33,42.79,58.33,38.89,1.0,2.0,50.0,3.33,1.0,30.33,1.33,0.67,33.33,4.67,1.67,40.0,14.0,7.0,47.0
DLWZK,ICEBOX,239.8,18.0,14.8,7.6,3.2,146.34,20.2,57.2,11.0,10.0,4.28,3.52,1.8,0.53,0.47,18.0,6.0,1.0,0.0,0.0,2.0,0.0,0.0,0.0,6.0,4.0,25.0,1.2,2.0,0.1,1.0,1.0,0.0,0.0,0.0,1.0,0.0,0.0,0.0,1.0,0.0,0.0,1.0,0.0,13.0,8.0,8.0,4.0,5.0,4.0,21.0,61.9,66.67,55.56,1.0,2.0,50.0,3.0,2.0,67.0,0.0,0.0,0.0,2.0,1.0,50.0,16.0,10.0,62.0
DLWZK,SPLIT,205.2,13.9,13.5,4.0,0.4,124.64,19.8,50.9,8.5,11.0,3.6,3.42,1.03,0.46,0.56,14.5,2.0,0.5,0.5,1.0,1.5,0.0,0.0,0.0,7.0,1.5,17.5,0.92,2.5,0.14,1.0,1.0,0.0,0.0,0.0,1.0,0.0,0.0,0.5,0.0,0.5,0.5,0.0,0.5,10.5,9.0,4.0,3.5,6.0,5.5,19.5,55.16,58.33,52.66,1.0,2.0,50.0,2.5,1.5,58.5,0.5,0.0,0.0,8.0,4.0,52.5,8.5,5.0,49.5
Estral,ASCENT,194.9,17.0,18.8,6.4,-1.8,128.43,18.8,48.5,15.5,9.5,3.4,3.76,1.28,0.63,0.38,14.0,5.0,0.5,0.0,0.5,1.0,0.0,0.0,0.0,6.0,3.0,19.5,0.78,1.5,0.06,1.0,0.0,0.0,0.0,0.0,1.0,0.0,0.0,1.0,0.0,0.0,1.0,1.0,0.0,11.5,13.5,8.0,4.0,3.5,8.5,25.0,45.99,66.67,29.16,1.5,2.0,75.0,2.5,1.5,66.5,2.5,0.0,0.0,4.5,2.5,55.0,15.5,7.5,48.5
Estral,BIND,252.2,13.4,3.8,5.8,9.6,155.66,27.8,87.0,12.0,2.0,4.78,1.36,2.07,0.85,0.14,12.0,5.0,2.0,0.0,0.0,0.0,0.0,0.0,0.0,2.0,2.0,19.0,1.36,0.0,0.0,1.0,0.0,0.0,0.0,0.0,0.0,1.0,0.0,1.0,0.0,0.0,1.0,1.0,0.0,13.0,1.0,11.0,1.0,2.0,0.0,14.0,92.86,91.67,100.0,2.0,2.0,100.0,2.0,2.0,100.0,0.0,0.0,0.0,2.0,2.0,100.0,10.0,9.0,90.0
FKL,ASCENT,191.1,16.0,15.8,4.9,0.2,118.84,18.8,46.2,14.5,9.5,3.34,3.29,1.02,0.6,0.38,17.0,2.5,0.5,0.0,0.0,0.0,0.5,0.0,0.0,8.5,1.0,20.0,0.82,0.5,0.02,1.0,0.5,0.0,0.0,0.0,1.0,0.0,0.0,0.5,0.5,0.5,0.0,1.0,0.0,11.0,13.0,5.0,7.0,6.0,6.0,24.0,45.83,41.67,50.0,1.5,2.0,75.0,3.0,2.0,67.0,0.5,0.5,50.0,6.5,2.5,39.0,14.0,6.0,43.0
FKL,BIND,176.6,9.6,15.6,4.1,-6.0,119.05,18.9,47.9,6.5,10.5,2.8,4.6,1.21,0.4,0.62,6.5,4.0,0.0,0.0,1.0,1.5,0.0,0.0,0.0,5.0,0.0,10.5,0.61,2.5,0.14,1.0,0.5,0.0,0.0,0.0,1.0,0.0,0.0,0.5,0.0,0.5,0.5,1.0,0.0,4.0,13.0,1.0,4.0,3.0,9.0,17.0,22.46,14.28,25.0,0.0,2.0,0.0,2.5,0.0,0.0,3.5,1.0,29.0,6.5,2.0,25.0,4.5,1.0,22.5
FKL,HAVEN,197.9,12.0,12.8,4.6,-0.8,119.17,23.8,47.0,9.5,8.0,3.44,3.64,1.32,0.55,0.46,12.5,2.5,1.0,0.5,2.0,0.5,0.0,0.0,0.0,3.0,2.0,16.5,0.94,2.5,0.15,1.0,0.0,1.0,0.0,0.0,1.0,0.0,0.0,1.0,0.5,0.0,0.0,0.5,0.0,9.0,8.5,6.0,6.0,3.0,2.5,17.5,52.12,50.0,56.66,1.0,2.0,50.0,2.5,1.0,50.0,1.0,0.0,0.0,6.0,4.0,71.5,8.0,4.0,46.5
FKL,SPLIT,169.8,10.35,14.85,3.5,-4.5,109.46,18.45,44.55,6.25,12.0,2.82,4.11,0.95,0.34,0.67,9.25,2.75,0.25,0.0,1.25,0.0,0.0,0.0,0.0,2.5,1.75,12.25,0.66,1.25,0.07,1.0,1.0,0.0,0.0,0.0,1.0,0.0,0.0,0.75,0.5,0.75,0.0,0.0,0.0,5.25,13.0,3.75,6.0,1.5,7.0,18.25,27.7,31.25,19.05,0.75,2.0,37.5,3.0,0.75,24.75,2.25,0.25,6.25,6.0,1.5,24.0,7.0,2.75,33.5
FURIA,ASCENT,221.0,16.0,12.87,6.2,3.13,139.79,21.4,59.07,11.67,8.67,3.93,3.16,1.52,0.58,0.43,17.0,3.67,1.0,0.0,1.0,1.0,0.0,0.0,0.0,7.67,3.67,21.67,1.07,2.0,0.1,1.0,0.0,0.0,1.0,0.0,1.0,0.0,0.0,1.0,0.0,0.0,0.0,1.0,0.0,13.0,7.33,6.67,3.67,6.33,3.67,20.33,64.07,65.48,62.97,0.33,2.0,16.67,2.67,0.67,27.67,0.67,0.33,16.67,4.67,3.67,76.67,12.33,8.33,67.33
FURIA,HAVEN,236.5,16.9,13.7,8.0,3.2,141.23,22.6,62.3,13.0,7.5,4.25,3.12,2.04,0.66,0.35,12.0,4.0,1.5,0.0,2.0,0.5,0.5,0.0,0.0,6.5,4.5,17.5,0.92,3.0,0.14,1.0,0.0,0.0,0.0,0.0,1.0,0.0,0.0,1.0,0.0,0.0,1.0,1.0,0.0,13.5,7.0,7.5,4.5,5.0,2.5,20.5,70.26,62.5,79.16,1.0,2.0,50.0,2.0,1.0,50.0,2.0,1.0,66.5,6.0,4.0,78.0,10.5,7.5,73.5
FURIA,ICEBOX,230.0,16.47,12.93,6.0,3.53,148.78,18.53,63.47,13.0,7.67,4.07,3.03,1.48,0.64,0.35,13.33,6.0,1.0,0.0,0.67,0.0,0.0,0.0,0.0,6.33,3.33,20.33,1.02,0.67,0.03,1.0,1.0,0.0,0.0,0.0,1.0,0.0,0.0,0.0,1.0,0.0,0.0,1.0,0.0,11.67,9.0,6.67,5.33,5.0,3.67,20.67,58.78,55.56,65.56,1.33,2.0,66.67,2.67,1.67,66.67,1.0,0.0,0.0,4.67,4.0,90.33,12.33,6.0,50.67
GL,ASCENT,212.01,16.06,14.1,6.45,1.96,131.56,20.64,54.3,11.71,9.95,3.75,3.19,1.5,0.56,0.45,14.38,4.52,1.33,0.19,1.1,0.43,0.14,0.0,0.0,6.52,2.05,20.43,0.96,1.67,0.08,0.52,0.43,0.05,0.19,0.0,1.0,0.0,0.0,0.86,0.81,0.14,0.0,1.0,0.0,12.43,9.24,6.9,3.95,5.0,4.67,21.67,59.29,63.58,54.85,1.1,2.0,54.76,2.76,1.14,45.48,1.05,0.14,9.52,4.0,2.62,70.62,13.86,8.52,61.67
GL,BIND,214.33,14.21,11.89,5.6,2.32,130.57,20.96,54.73,10.53,8.4,3.8,3.09,1.48,0.57,0.44,12.73,5.33,0.4,0.13,0.8,1.07,0.2,0.07,0.0,6.33,1.6,18.6,1.01,2.13,0.12,0.27,0.87,0.27,0.6,0.0,1.0,0.0,0.0,1.0,0.27,0.0,0.0,0.73,0.0,11.73,7.2,6.13,3.2,5.47,4.0,18.93,63.92,67.4,62.13,1.33,2.0,66.67,2.73,1.47,63.87,0.73,0.2,13.33,4.6,3.2,72.6,10.87,6.87,63.27
GL,HAVEN,209.69,15.16,13.85,6.42,1.31,130.77,20.47,53.05,11.18,9.55,3.7,3.3,1.54,0.56,0.45,12.91,4.82,1.27,0.09,1.45,0.36,0.45,0.0,0.0,7.82,1.82,19.09,0.93,2.27,0.12,0.36,0.73,0.27,0.55,0.0,1.0,0.0,0.0,0.82,0.18,0.0,0.09,1.0,0.0,11.55,9.18,5.0,5.27,6.27,3.55,20.73,57.4,50.56,64.91,1.0,2.0,50.0,3.09,1.36,46.91,0.82,0.0,0.0,4.18,2.18,62.91,12.64,8.0,62.45
GL,ICEBOX,216.4,15.7,12.7,5.8,3.0,141.68,17.35,59.8,12.25,8.25,3.84,3.09,1.41,0.6,0.41,14.0,4.25,0.75,0.25,0.5,1.0,0.25,0.0,0.0,10.75,2.25,19.25,0.95,1.75,0.08,1.0,0.75,0.0,0.25,0.0,1.0,0.0,0.0,0.25,0.75,0.0,0.0,1.0,0.0,13.0,7.5,5.75,2.75,7.25,4.75,20.5,63.6,68.1,60.42,1.0,2.0,50.0,2.75,1.0,37.25,0.75,0.25,25.0,4.5,2.75,61.75,12.5,9.0,72.5
GL,SPLIT,218.83,14.89,12.44,5.74,2.44,134.58,17.84,58.79,10.36,8.86,3.9,3.19,1.5,0.54,0.46,13.93,4.5,0.93,0.14,1.07,0.43,0.14,0.0,0.0,7.0,1.21,19.5,1.03,1.64,0.08,0.93,1.0,0.0,0.07,0.0,1.0,0.0,0.0,1.0,0.29,0.0,0.71,0.0,0.0,11.71,7.5,6.0,3.0,5.5,4.5,19.21,62.04,65.21,54.04,1.21,2.0,60.71,2.79,1.29,52.86,1.21,0.36,23.79,3.86,2.43,70.64,11.36,7.64,64.79
HAVAN,ASCENT,199.73,15.24,14.09,6.01,1.16,128.98,24.3,59.71,9.21,10.36,3.68,3.42,1.47,0.45,0.5,12.57,4.36,0.79,0.21,1.07,0.5,0.14,0.07,0.0,6.14,2.86,17.93,0.87,1.79,0.09,0.93,0.21,0.29,0.57,0.0,1.0,0.0,0.0,0.93,0.0,0.07,0.0,1.0,0.0,11.0,9.64,6.29,4.5,4.36,4.93,20.64,52.97,54.07,52.42,1.0,2.0,50.0,3.93,1.57,41.79,1.21,0.14,5.36,3.5,1.79,40.43,12.0,7.5,60.21
HAVAN,BIND,198.8,15.28,15.48,5.8,-0.2,125.8,26.28,53.88,11.8,10.6,3.42,3.38,1.34,0.55,0.46,16.8,2.7,0.5,0.1,1.0,0.7,0.0,0.0,0.0,6.7,2.9,20.1,0.9,1.7,0.07,0.3,1.0,0.2,0.7,0.0,0.7,0.3,0.0,0.8,0.0,0.0,0.0,1.0,0.0,11.2,11.2,6.6,3.8,3.9,6.7,22.4,50.85,62.17,37.92,0.9,2.0,45.0,3.0,0.9,38.2,1.4,0.3,15.8,4.1,1.9,50.4,13.9,8.1,55.8
HAVAN,HAVEN,204.01,14.34,13.91,5.31,0.44,128.98,25.15,57.31,10.59,10.0,3.54,3.35,1.29,0.52,0.48,13.06,4.12,0.59,0.0,1.18,0.47,0.0,0.0,0.0,8.06,2.12,17.76,0.88,1.65,0.08,0.71,0.29,0.65,0.35,0.0,1.0,0.0,0.0,1.0,0.0,0.0,0.0,1.0,0.0,10.29,10.24,5.0,5.35,4.94,4.65,20.53,50.73,48.1,49.93,0.76,2.0,38.24,3.29,1.0,34.12,1.35,0.18,10.76,3.24,1.76,62.24,12.65,7.35,56.71
HAVAN,ICEBOX,204.8,16.1,17.7,4.4,-1.6,125.73,19.5,50.9,13.0,10.0,3.5,3.86,0.96,0.57,0.43,16.0,4.5,0.5,0.0,1.5,1.0,0.0,0.0,0.0,9.0,1.5,21.0,0.91,2.5,0.11,1.0,0.5,0.0,0.5,0.0,1.0,0.0,0.0,0.5,0.5,0.0,0.0,1.0,0.0,10.0,13.0,2.5,9.5,7.5,3.5,23.0,43.48,20.84,68.18,1.5,2.0,75.0,3.5,1.5,41.5,2.0,0.0,0.0,4.5,2.0,42.5,13.0,6.5,49.5
HAVAN,SPLIT,208.67,14.27,12.73,4.93,1.53,133.18,21.87,56.6,11.33,7.67,3.69,3.42,1.27,0.58,0.42,13.67,4.67,0.67,0.67,1.0,0.33,0.33,0.0,0.0,5.67,1.33,19.67,1.02,1.67,0.08,0.67,1.0,0.33,0.0,0.0,1.0,0.0,0.0,1.0,0.0,0.0,1.0,0.0,0.0,9.67,9.33,5.67,6.33,4.0,3.0,19.0,48.55,47.22,51.39,1.67,2.0,83.33,3.33,1.67,53.0,1.0,0.0,0.0,3.33,1.0,23.33,11.33,7.0,48.0
IMP,ASCENT,199.27,14.8,15.02,5.07,-0.22,127.55,22.32,52.24,10.71,10.59,3.46,3.54,1.19,0.5,0.51,13.29,3.71,0.82,0.12,0.82,0.76,0.18,0.0,0.0,6.76,2.12,17.94,0.84,1.76,0.08,0.88,0.65,0.0,0.12,0.0,1.0,0.0,0.0,0.53,0.35,0.47,0.0,1.0,0.0,10.47,10.82,5.29,4.94,4.94,5.53,21.29,48.67,51.8,44.16,1.06,2.0,52.94,3.12,1.06,42.53,1.59,0.35,15.29,4.82,2.35,44.53,11.76,6.71,55.41
IMP,BIND,202.84,15.07,14.52,5.51,0.54,128.78,22.7,52.66,11.28,10.28,3.53,3.35,1.3,0.54,0.47,14.28,3.61,1.22,0.0,1.11,0.39,0.22,0.0,0.0,7.89,2.11,19.11,0.9,1.72,0.09,0.94,1.0,0.0,0.0,0.0,1.0,0.0,0.0,1.0,0.06,0.0,0.0,1.0,0.0,11.44,10.11,5.17,5.61,5.94,4.39,21.56,54.23,50.55,58.68,1.06,2.0,52.78,3.11,1.11,42.94,1.72,0.11,4.61,3.94,2.72,73.0,12.78,7.5,58.0
IMP,HAVEN,205.85,16.18,14.89,5.15,1.29,129.33,22.36,51.55,11.09,11.64,3.56,3.27,1.13,0.49,0.51,14.27,5.36,0.82,0.09,0.64,0.64,0.18,0.0,0.0,8.09,3.82,20.55,0.91,1.45,0.07,1.0,0.18,0.09,0.73,0.0,1.0,0.0,0.0,1.0,0.0,0.0,0.0,1.0,0.0,12.27,10.45,6.55,5.36,5.09,4.82,22.73,54.2,55.1,52.56,1.36,2.0,68.18,2.82,1.55,62.09,1.45,0.27,10.55,4.27,2.27,47.64,14.18,8.18,57.18
IMP,ICEBOX,190.3,14.2,16.95,4.75,-2.75,124.88,21.1,48.5,9.0,12.75,3.16,3.98,1.08,0.39,0.61,12.25,4.25,0.25,0.0,1.0,0.75,0.0,0.25,0.0,8.5,2.5,16.75,0.74,2.0,0.1,0.75,0.5,0.0,0.0,0.0,0.5,0.0,0.5,0.25,0.75,0.75,0.0,0.75,0.25,9.5,12.25,3.75,5.0,5.25,6.0,21.75,41.22,38.69,45.83,0.5,2.0,25.0,3.75,0.5,14.5,1.5,0.25,12.5,4.25,2.0,46.75,12.25,6.75,51.75
IMP,SPLIT,214.22,14.63,12.62,3.97,2.02,128.76,17.93,55.35,10.42,9.08,3.82,3.17,1.05,0.55,0.45,13.75,4.25,0.5,0.25,1.25,0.42,0.0,0.0,0.0,5.83,2.25,18.75,0.98,1.67,0.08,1.0,1.0,0.0,0.0,0.0,1.0,0.0,0.0,1.0,0.0,1.0,0.0,0.0,0.0,11.17,8.33,6.25,4.0,4.58,4.17,19.5,58.98,59.44,59.48,1.08,2.0,54.17,3.0,1.08,46.0,0.83,0.17,8.33,4.58,2.75,62.92,11.08,7.17,61.25
ITZA,BIND,162.4,9.8,16.8,2.8,-7.0,105.16,13.6,40.0,6.0,14.0,2.45,4.2,0.7,0.3,0.7,9.0,3.0,1.0,0.0,0.0,1.0,0.0,0.0,0.0,5.0,3.0,13.0,0.65,1.0,0.05,0.0,1.0,0.0,0.0,0.0,1.0,0.0,1.0,0.0,0.0,1.0,0.0,1.0,0.0,7.0,13.0,3.0,5.0,4.0,8.0,20.0,35.0,37.5,33.33,0.0,2.0,0.0,4.0,0.0,0.0,1.0,0.0,0.0,4.0,1.0,25.0,11.0,6.0,55.0
ITZA,HAVEN,160.0,7.2,14.2,3.2,-7.0,100.46,16.0,43.4,4.0,11.0,2.4,4.72,1.06,0.27,0.74,3.0,2.0,0.0,0.0,0.0,1.0,0.0,0.0,0.0,1.0,2.0,5.0,0.34,1.0,0.07,0.0,1.0,0.0,0.0,0.0,0.0,1.0,0.0,0.0,0.0,1.0,0.0,1.0,1.0,2.0,13.0,2.0,10.0,0.0,3.0,15.0,13.33,16.67,0.0,0.0,2.0,0.0,4.0,0.0,0.0,3.0,0.0,0.0,1.0,0.0,0.0,7.0,2.0,29.0
Inga,ASCENT,204.87,16.83,16.03,6.38,0.8,130.75,20.88,50.4,12.0,11.5,3.57,3.4,1.33,0.5,0.5,15.88,4.25,0.62,0.0,0.75,0.88,0.25,0.12,0.0,8.38,2.5,20.75,0.87,2.0,0.08,0.75,0.88,0.0,0.12,0.0,1.0,0.0,0.0,0.5,0.0,0.0,1.0,0.75,0.0,12.5,11.0,5.75,5.0,6.25,5.75,23.5,53.62,55.53,52.08,1.25,2.0,62.5,2.88,1.38,56.12,1.75,0.12,6.25,4.5,2.38,47.38,14.38,8.62,59.0
Inga,BIND,212.02,15.65,13.92,5.92,1.72,130.54,21.42,51.92,12.5,8.62,3.71,3.27,1.4,0.6,0.4,16.75,4.38,0.75,0.0,1.62,0.38,0.12,0.0,0.0,7.88,2.88,21.88,1.03,2.12,0.09,0.88,1.0,0.0,0.0,0.0,0.5,0.5,0.0,0.62,0.0,0.0,1.0,0.5,0.0,11.38,9.75,5.62,4.88,5.75,4.88,21.12,54.25,58.33,50.76,1.5,2.0,75.0,2.75,1.5,61.38,0.75,0.5,25.0,5.0,2.25,48.12,12.62,7.12,54.88
Inga,HAVEN,196.27,13.63,14.3,5.3,-0.67,119.42,19.27,48.2,9.83,10.33,3.36,3.58,1.3,0.48,0.52,11.33,2.5,1.33,0.33,0.5,0.67,0.0,0.0,0.0,6.33,2.67,15.5,0.77,1.17,0.06,0.5,0.5,0.5,0.0,0.0,0.33,0.67,0.0,0.83,0.0,0.17,0.5,1.0,0.0,9.0,11.17,4.33,5.5,4.67,5.67,20.17,43.49,43.61,44.54,1.5,2.0,75.0,2.5,1.5,66.67,1.67,0.0,0.0,6.17,3.33,52.0,9.83,4.17,40.0
Inga,SPLIT,212.9,11.2,10.9,4.6,0.3,127.41,20.6,50.6,7.5,7.5,3.74,3.63,1.54,0.5,0.5,10.0,3.5,0.0,0.0,1.5,0.5,0.0,0.0,0.0,4.0,2.0,13.5,0.9,2.0,0.14,1.0,1.0,0.0,0.0,0.0,0.5,0.5,0.0,1.0,0.0,0.0,1.0,0.0,0.0,7.5,7.5,5.0,2.5,2.5,5.0,15.0,50.0,41.66,58.34,1.0,2.0,50.0,2.5,1.0,50.0,0.5,0.0,0.0,5.0,2.5,58.5,7.0,4.0,49.0
JAG,ASCENT,190.2,13.4,15.0,6.1,-1.6,137.4,15.2,57.5,8.5,11.5,3.22,3.84,1.48,0.4,0.6,13.5,2.5,1.0,0.0,0.5,0.0,0.0,0.0,0.0,8.0,1.5,17.0,0.82,0.5,0.03,1.0,1.0,0.0,0.0,0.0,1.0,0.0,0.0,1.0,0.0,0.0,0.0,1.0,0.0,8.5,11.5,3.5,4.5,5.0,7.0,20.0,40.03,37.28,41.66,0.5,2.0,25.0,3.5,0.5,16.5,1.5,0.5,25.0,6.0,3.5,53.0,9.0,4.0,41.5
JAG,BIND,186.4,13.0,17.2,4.4,-4.2,119.06,23.8,47.6,8.0,13.0,3.09,4.1,1.05,0.38,0.63,10.0,3.0,0.0,0.0,2.0,1.0,0.0,0.0,0.0,6.0,3.0,13.0,0.62,3.0,0.15,1.0,1.0,0.0,0.0,0.0,0.0,1.0,0.0,1.0,0.0,0.0,0.0,1.0,0.0,8.0,13.0,3.0,9.0,5.0,4.0,21.0,38.1,25.0,55.56,1.0,2.0,50.0,4.0,1.0,25.0,3.0,2.0,67.0,5.0,2.0,40.0,9.0,3.0,33.0
JAG,HAVEN,175.0,9.7,14.7,3.7,-5.0,120.8,24.3,50.2,6.5,10.5,2.86,4.34,1.08,0.38,0.62,8.5,1.5,1.0,0.0,1.0,0.0,0.0,0.0,0.0,2.0,2.0,11.0,0.64,1.0,0.06,0.0,1.0,1.0,0.0,0.0,1.0,0.0,0.0,1.0,0.0,0.0,0.0,1.0,0.0,4.0,13.0,3.0,9.0,1.0,4.0,17.0,23.26,25.0,25.0,0.0,2.0,0.0,4.5,0.0,0.0,2.5,0.0,0.0,2.0,1.5,75.0,8.0,2.5,29.0
N2B,ASCENT,181.6,11.4,15.4,3.8,-4.0,107.62,14.6,41.6,8.0,10.0,3.16,4.27,1.06,0.45,0.56,15.0,1.0,0.0,0.0,0.0,0.0,0.0,0.0,0.0,7.0,1.0,16.0,0.9,0.0,0.0,1.0,0.0,1.0,0.0,0.0,1.0,0.0,0.0,0.0,0.0,1.0,0.0,1.0,0.0,5.0,13.0,2.0,4.0,3.0,9.0,18.0,27.78,33.33,25.0,1.0,2.0,50.0,3.0,2.0,67.0,1.0,0.0,0.0,6.0,1.0,17.0,8.0,2.0,25.0
N2B,BIND,191.1,14.0,13.4,3.7,0.6,124.5,24.3,50.7,11.5,10.0,3.2,3.16,0.84,0.54,0.46,12.0,5.0,0.5,0.0,0.5,0.0,0.0,0.0,0.0,6.5,2.0,17.5,0.8,0.5,0.02,1.0,0.0,1.0,0.0,0.0,0.0,1.0,0.0,0.0,0.0,1.0,0.0,1.0,0.0,9.5,12.0,5.5,6.5,4.0,5.5,21.5,42.88,45.84,42.26,1.0,2.0,50.0,3.0,1.0,50.0,0.5,0.0,0.0,5.0,1.5,21.5,13.0,7.0,54.0
N2B,HAVEN,219.2,17.8,15.0,6.4,2.8,154.1,26.2,67.6,12.0,11.0,3.87,3.26,1.38,0.51,0.48,13.0,5.0,0.0,1.0,3.0,0.0,1.0,0.0,0.0,8.0,1.0,19.0,0.82,4.0,0.17,1.0,0.0,1.0,0.0,0.0,1.0,0.0,0.0,1.0,0.0,0.0,0.0,1.0,0.0,13.0,10.0,4.0,7.0,9.0,3.0,23.0,56.52,36.36,75.0,1.0,2.0,50.0,3.0,1.0,33.0,1.0,1.0,100.0,4.0,2.0,50.0,15.0,9.0,60.0
NEW,ASCENT,157.8,7.6,15.0,2.0,-7.4,128.48,31.2,55.8,5.0,11.0,2.37,4.69,0.62,0.31,0.69,8.0,1.0,1.0,0.0,0.0,1.0,0.0,0.0,0.0,5.0,0.0,10.0,0.6,1.0,0.06,1.0,0.0,0.0,1.0,0.0,1.0,0.0,0.0,0.0,0.0,1.0,0.0,1.0,0.0,3.0,13.0,0.0,4.0,3.0,9.0,16.0,18.75,0.0,25.0,0.0,2.0,0.0,5.0,0.0,0.0,2.0,1.0,50.0,4.0,0.0,0.0,5.0,2.0,40.0
NEW,BIND,191.8,13.8,16.8,5.4,-3.0,130.98,19.2,51.4,12.0,9.0,3.27,4.01,1.29,0.57,0.43,16.0,4.0,0.0,0.0,3.0,0.0,0.0,0.0,0.0,6.0,2.0,20.0,0.95,3.0,0.14,1.0,1.0,0.0,0.0,0.0,0.0,1.0,0.0,1.0,0.0,0.0,0.0,1.0,0.0,8.0,13.0,4.0,8.0,4.0,5.0,21.0,38.1,33.33,44.44,2.0,2.0,100.0,2.0,2.0,100.0,4.0,0.0,0.0,4.0,2.0,50.0,11.0,4.0,36.0
NEW,SPLIT,187.8,12.2,15.6,3.4,-3.4,124.04,14.2,51.2,12.0,7.0,3.21,4.1,0.89,0.64,0.37,7.0,5.0,0.0,0.0,1.0,1.0,0.0,0.0,0.0,2.0,1.0,12.0,0.64,2.0,0.1,1.0,1.0,0.0,1.0,0.0,1.0,0.0,0.0,0.0,0.0,1.0,0.0,0.0,0.0,6.0,13.0,3.0,9.0,3.0,4.0,19.0,31.58,25.0,42.86,1.0,2.0,50.0,3.0,1.0,33.0,3.0,1.0,33.0,6.0,3.0,50.0,7.0,1.0,14.0
QSM,ASCENT,180.4,11.8,16.8,2.4,-5.0,110.66,29.4,45.6,5.0,14.0,3.1,4.42,0.63,0.26,0.74,8.0,2.0,0.0,0.0,1.0,1.0,0.0,0.0,0.0,3.0,1.0,10.0,0.52,2.0,0.1,1.0,0.0,0.0,0.0,0.0,1.0,1.0,0.0,1.0,1.0,0.0,0.0,0.0,0.0,6.0,13.0,3.0,9.0,3.0,4.0,19.0,31.58,25.0,42.86,0.0,2.0,0.0,4.0,0.0,0.0,4.0,1.0,25.0,0.0,0.0,0.0,11.0,5.0,45.0
QSM,BIND,151.6,9.0,14.8,1.4,-5.8,102.64,26.8,42.6,8.0,10.0,2.51,4.11,0.4,0.45,0.56,4.0,4.0,1.0,0.0,0.0,0.0,0.0,0.0,0.0,0.0,2.0,9.0,0.5,0.0,0.0,1.0,1.0,0.0,0.0,0.0,0.0,1.0,0.0,1.0,1.0,0.0,0.0,0.0,0.0,5.0,13.0,5.0,7.0,0.0,6.0,18.0,27.78,41.67,0.0,0.0,2.0,0.0,4.0,0.0,0.0,2.0,0.0,0.0,3.0,1.0,33.0,9.0,4.0,44.0
QSM,SPLIT,179.8,13.6,15.0,3.0,-1.4,112.18,24.4,44.0,10.0,12.0,3.08,3.41,0.69,0.47,0.55,12.0,6.0,0.0,0.0,0.0,0.0,0.0,0.0,0.0,2.0,1.0,18.0,0.82,0.0,0.0,1.0,1.0,0.0,0.0,0.0,1.0,0.0,0.0,1.0,1.0,0.0,0.0,0.0,0.0,9.0,13.0,8.0,4.0,1.0,9.0,22.0,40.91,66.67,10.0,1.0,2.0,50.0,2.0,1.0,50.0,3.0,0.0,0.0,3.0,1.0,33.0,14.0,7.0,50.0
RED,ASCENT,168.5,12.2,16.2,4.5,-4.0,110.51,25.0,43.9,6.5,13.5,2.88,4.14,1.1,0.3,0.68,11.0,3.5,1.0,0.0,1.5,0.5,0.0,0.0,0.0,4.0,1.5,15.5,0.7,2.0,0.09,0.0,1.0,0.0,0.0,0.0,1.0,0.0,0.0,0.5,0.0,0.5,1.0,1.0,0.0,7.0,13.0,4.0,4.0,3.0,9.0,20.0,32.29,50.0,25.0,0.5,2.0,25.0,3.5,0.5,16.5,1.0,0.0,0.0,5.0,2.0,41.5,10.5,4.5,28.0
RED,BIND,207.2,14.9,14.2,4.8,0.7,137.63,24.3,60.4,7.5,13.0,3.62,3.48,1.18,0.38,0.64,15.5,6.0,0.0,0.0,1.0,0.0,0.0,0.0,0.0,7.0,3.0,21.5,1.04,1.0,0.05,0.5,1.0,0.0,0.0,0.0,1.0,0.0,0.0,0.5,0.5,0.0,0.5,1.0,0.0,10.0,10.5,6.0,4.0,4.0,6.5,20.5,48.45,62.5,43.06,0.5,2.0,25.0,2.5,0.5,25.0,1.5,0.0,0.0,6.0,2.5,44.5,10.5,7.0,63.5
RED,HAVEN,208.2,20.6,19.8,8.6,0.8,129.06,22.4,46.2,16.0,12.0,3.68,3.54,1.55,0.57,0.43,20.0,7.0,1.0,0.0,2.0,1.0,0.0,0.0,0.0,13.0,3.0,28.0,1.0,3.0,0.11,1.0,1.0,0.0,0.0,0.0,1.0,0.0,0.0,1.0,0.0,0.0,0.0,1.0,0.0,15.0,13.0,6.0,6.0,6.0,6.0,28.0,53.57,50.0,50.0,1.0,2.0,50.0,2.0,1.0,50.0,2.0,0.0,0.0,5.0,4.0,80.0,19.0,10.0,53.0
RED,ICEBOX,204.0,23.2,25.4,6.6,-2.2,134.48,27.0,45.6,13.0,21.0,3.41,3.74,0.98,0.39,0.63,22.0,8.0,1.0,0.0,2.0,0.0,0.0,0.0,0.0,8.0,3.0,31.0,0.92,2.0,0.06,1.0,1.0,0.0,0.0,0.0,1.0,0.0,0.0,0.0,1.0,0.0,0.0,0.0,1.0,16.0,18.0,6.0,6.0,6.0,6.0,34.0,47.06,50.0,50.0,0.0,2.0,0.0,3.0,0.0,0.0,3.0,1.0,33.0,5.0,4.0,80.0,23.0,11.0,48.0
RED,SPLIT,173.7,11.2,15.6,4.3,-4.4,109.49,21.9,41.8,8.0,11.0,2.81,4.25,1.08,0.39,0.6,9.5,2.5,0.5,0.0,0.0,0.0,0.0,0.0,0.0,7.0,0.5,12.5,0.6,0.0,0.0,0.5,1.0,0.0,0.5,0.0,1.0,0.0,0.0,1.0,0.0,0.0,1.0,0.0,0.0,6.0,13.0,4.5,2.5,1.5,10.5,19.0,26.48,37.5,12.5,0.5,2.0,25.0,2.0,0.5,25.0,2.0,0.0,0.0,6.5,2.0,32.0,8.5,3.5,25.0
Rise,ASCENT,203.3,12.7,13.43,5.33,-0.73,129.78,19.47,52.13,10.0,8.17,3.47,3.66,1.44,0.55,0.45,11.17,3.5,0.17,0.0,2.0,0.17,0.0,0.0,0.0,4.83,1.83,14.83,0.82,2.17,0.12,0.83,0.67,0.0,0.5,0.0,0.67,0.33,0.0,1.0,0.0,0.0,0.0,1.0,0.0,8.33,10.0,5.5,6.0,2.83,4.0,18.33,45.32,47.69,39.24,1.17,2.0,58.33,3.0,1.17,38.67,1.83,0.17,5.5,4.83,2.33,50.83,9.67,5.17,52.17
Rise,BIND,209.03,15.93,15.23,5.2,0.7,130.26,19.1,52.63,11.33,10.83,3.61,3.43,1.18,0.52,0.49,16.17,3.5,0.83,0.0,0.5,0.5,0.17,0.0,0.0,8.5,2.33,20.5,0.93,1.17,0.05,0.67,0.67,0.0,0.67,0.0,0.33,0.67,0.0,1.0,0.0,0.0,0.0,1.0,0.0,11.83,10.33,5.67,5.17,6.17,5.17,22.17,53.59,50.42,52.78,0.83,2.0,41.67,3.33,0.83,26.33,1.33,0.33,11.17,3.5,2.33,72.0,14.0,8.33,58.33
Rise,HAVEN,197.52,13.0,13.2,4.72,-0.2,127.7,22.64,53.68,9.8,9.0,3.43,3.56,1.24,0.52,0.49,10.6,4.0,0.6,0.2,1.2,0.4,0.2,0.0,0.0,9.6,1.0,15.4,0.83,1.8,0.1,1.0,0.0,0.0,1.0,0.0,0.6,0.4,0.0,1.0,0.0,0.0,0.0,1.0,0.0,9.6,9.2,2.2,4.6,7.4,4.6,18.8,50.11,29.83,61.67,1.0,2.0,50.0,3.2,1.0,33.2,1.4,0.0,0.0,3.4,2.0,54.4,10.8,6.6,57.6
Rise,ICEBOX,209.72,17.04,17.8,6.24,-0.76,133.69,23.88,51.92,12.2,11.8,3.52,3.74,1.3,0.5,0.5,15.4,4.4,0.4,0.2,0.6,0.8,0.2,0.0,0.0,7.2,2.4,20.4,0.85,1.6,0.07,1.0,0.0,0.0,1.0,0.0,0.0,1.0,0.0,0.0,1.0,0.0,0.0,1.0,0.0,11.4,12.6,4.6,6.8,5.6,5.0,24.0,46.75,40.55,53.89,1.2,2.0,60.0,3.2,1.2,38.2,1.8,0.0,0.0,4.2,2.4,54.6,14.8,7.8,51.8
Rise,SPLIT,179.7,10.2,15.5,4.0,-5.3,122.89,21.5,51.9,5.5,12.5,2.84,4.3,1.1,0.32,0.7,6.0,4.5,0.0,0.5,1.0,1.0,0.0,0.0,0.0,2.5,1.5,11.0,0.62,2.0,0.12,1.0,1.0,0.0,0.5,0.0,0.5,0.5,0.0,0.0,0.0,1.0,0.5,0.0,0.0,5.0,13.0,3.5,8.0,1.5,4.5,18.0,27.78,30.68,25.0,0.5,2.0,25.0,3.0,0.5,16.5,2.5,0.0,0.0,6.0,1.0,16.5,6.5,3.5,53.5
SLK,ASCENT,203.4,15.1,15.0,5.2,0.1,134.27,22.1,54.9,9.5,11.5,3.59,3.57,1.24,0.45,0.56,13.5,4.0,0.0,0.0,1.5,0.5,0.0,0.0,0.0,8.0,3.5,17.5,0.84,2.0,0.1,0.5,1.0,0.0,0.0,0.0,1.0,0.0,0.0,0.0,0.5,1.0,0.0,1.0,0.0,10.5,10.5,5.5,5.0,5.0,5.5,21.0,50.0,51.38,50.0,1.5,2.0,75.0,2.5,1.5,66.5,2.5,0.0,0.0,6.0,3.5,62.5,10.0,5.5,49.0
SLK,BIND,185.95,13.1,16.2,5.2,-3.1,120.29,21.95,50.5,8.5,12.25,3.08,3.98,1.24,0.4,0.6,13.5,3.25,0.25,0.0,1.25,0.25,0.0,0.0,0.0,6.25,2.75,17.0,0.78,1.5,0.08,0.0,1.0,0.0,0.0,0.0,1.0,0.0,0.0,1.0,1.0,0.0,0.0,1.0,0.0,8.25,12.5,5.5,5.0,2.75,7.5,20.75,37.83,47.92,25.83,0.5,2.0,25.0,3.5,0.5,14.5,2.0,0.25,8.25,5.5,2.25,43.25,9.75,5.25,45.5
SLK,HAVEN,209.4,15.95,16.2,6.1,-0.25,137.23,21.1,52.6,11.75,10.0,3.63,3.76,1.39,0.55,0.45,13.75,4.5,0.5,0.25,1.25,0.75,0.0,0.0,0.0,9.5,2.25,19.0,0.85,2.0,0.1,0.0,1.0,0.0,0.0,0.0,1.0,0.0,0.0,0.0,1.0,1.0,0.0,1.0,0.0,10.75,11.0,4.25,5.25,6.5,5.25,21.75,48.86,43.75,55.68,1.0,2.0,50.0,3.25,1.0,33.25,1.25,0.25,12.5,5.0,2.75,58.0,12.25,6.75,56.0
SLK,SPLIT,205.8,14.32,14.64,5.56,-0.32,129.02,22.92,51.88,8.6,11.4,3.57,3.67,1.39,0.43,0.58,13.2,4.0,0.8,0.2,0.2,1.0,0.0,0.2,0.0,6.8,1.4,18.2,0.91,1.4,0.07,0.0,1.0,0.0,0.0,0.0,1.0,0.0,0.0,0.6,1.0,0.4,0.8,0.2,0.0,10.2,9.8,4.8,5.6,5.4,4.2,20.0,50.76,44.05,55.11,1.0,2.0,50.0,3.4,1.0,29.8,1.4,0.0,0.0,4.0,2.2,60.4,11.2,7.0,57.4
Sharks,ASCENT,221.18,15.02,11.95,5.65,3.08,138.66,20.75,58.28,11.88,7.62,3.89,3.02,1.44,0.61,0.39,13.5,4.88,0.88,0.12,1.38,0.75,0.0,0.0,0.0,6.88,1.88,19.38,1.01,2.12,0.11,1.0,1.0,0.0,0.0,0.0,1.0,0.0,0.0,0.0,0.0,1.0,0.0,1.0,0.0,12.0,7.5,6.62,3.88,5.38,3.62,19.5,62.44,60.94,66.55,1.12,2.0,56.25,2.62,1.25,54.12,1.5,0.38,15.62,3.25,2.0,60.88,12.12,8.38,68.25
Sharks,BIND,209.45,15.75,14.78,5.7,0.98,131.45,22.57,52.65,11.5,10.0,3.68,3.45,1.35,0.54,0.46,15.38,4.12,0.38,0.12,0.75,0.38,0.25,0.0,0.0,6.38,2.75,20.0,0.93,1.38,0.06,0.88,1.0,0.12,0.0,0.0,1.0,0.0,0.0,0.5,0.0,0.5,0.0,1.0,0.0,11.12,10.38,6.12,5.88,4.5,4.0,21.5,51.63,51.04,49.29,1.0,2.0,50.0,3.0,1.0,40.62,1.62,0.38,22.88,4.25,2.25,46.12,12.62,7.5,53.5
Sharks,HAVEN,218.86,16.7,14.32,7.24,2.38,135.15,23.54,55.68,11.8,10.2,3.82,3.2,1.67,0.54,0.46,15.3,5.1,0.7,0.1,1.5,0.5,0.1,0.0,0.0,8.9,4.2,21.2,0.97,2.1,0.1,1.0,0.0,1.0,0.0,0.0,1.0,0.0,0.0,1.0,0.0,0.0,0.0,1.0,0.0,13.2,8.9,6.0,4.2,6.8,4.3,22.1,60.86,61.59,60.57,1.3,2.0,65.0,3.1,1.5,55.0,1.4,0.5,25.0,3.9,2.3,53.5,13.7,8.9,66.0
Sharks,SPLIT,203.0,17.8,18.6,7.2,-0.8,126.16,18.4,44.6,12.0,14.0,3.42,3.57,1.39,0.47,0.55,20.0,6.0,1.0,0.0,1.0,0.0,0.0,0.0,0.0,6.0,1.0,27.0,1.04,1.0,0.04,0.0,1.0,0.0,1.0,0.0,1.0,0.0,0.0,1.0,0.0,0.0,1.0,0.0,0.0,12.0,14.0,8.0,4.0,4.0,8.0,26.0,46.15,66.67,33.33,2.0,2.0,100.0,2.0,2.0,100.0,2.0,1.0,50.0,5.0,3.0,60.0,17.0,6.0,35.0
VKS,ASCENT,197.08,14.4,12.76,5.46,1.64,127.68,21.38,56.46,8.7,9.4,3.74,3.22,1.42,0.46,0.47,12.3,4.6,0.6,0.0,1.2,0.3,0.2,0.0,0.0,5.4,2.6,17.5,0.92,1.7,0.09,0.4,0.7,0.2,0.6,0.0,1.0,0.0,0.0,0.2,0.0,0.8,0.1,1.0,0.0,11.2,8.4,6.1,4.4,4.9,4.0,19.6,58.58,59.86,58.6,1.4,2.0,70.0,3.8,1.9,63.9,0.9,0.3,20.0,3.5,2.0,58.4,11.4,7.0,66.0
VKS,BIND,220.33,17.8,15.07,6.63,2.73,139.3,24.33,54.13,14.17,9.17,3.85,3.18,1.45,0.61,0.39,17.0,6.5,0.5,0.0,1.33,0.5,0.0,0.0,0.0,9.5,1.5,24.0,1.03,1.83,0.08,0.17,1.0,0.0,0.83,0.0,1.0,0.0,0.0,1.0,0.0,0.0,0.0,1.0,0.0,13.17,10.17,6.0,3.67,6.33,5.67,23.33,57.97,60.41,52.78,1.0,2.0,50.0,2.67,1.0,44.33,1.33,0.17,5.5,4.33,2.67,60.83,15.0,9.33,63.83
VKS,HAVEN,215.36,15.22,12.29,5.82,2.93,138.0,22.73,60.84,10.89,9.56,3.75,2.97,1.47,0.55,0.46,13.44,3.67,1.56,0.22,0.78,0.67,0.11,0.11,0.0,8.78,1.33,18.89,0.95,1.67,0.09,0.44,0.67,0.56,0.0,0.0,1.0,0.0,0.0,1.0,0.0,0.0,0.33,1.0,0.0,11.78,8.67,4.11,4.56,7.33,3.78,20.44,59.06,44.55,66.67,0.89,2.0,44.44,2.89,1.0,39.67,1.44,0.33,9.22,3.22,2.33,65.89,12.89,8.11,65.33
VKS,ICEBOX,212.6,18.6,19.8,8.2,-1.2,135.2,22.2,49.8,15.0,11.0,3.57,3.81,1.58,0.58,0.43,13.0,4.0,2.0,0.0,1.0,1.0,0.0,0.0,0.0,8.0,3.0,19.0,0.72,2.0,0.08,0.0,1.0,0.0,0.0,0.0,1.0,0.0,0.0,0.0,1.0,1.0,0.0,1.0,0.0,12.0,14.0,5.0,7.0,7.0,5.0,26.0,46.15,41.67,58.33,2.0,2.0,100.0,2.0,2.0,100.0,4.0,1.0,25.0,5.0,3.0,60.0,15.0,6.0,40.0
VORA,ASCENT,217.87,15.93,13.17,6.53,2.77,132.64,17.37,59.17,11.33,9.5,3.91,3.09,1.59,0.56,0.43,14.5,4.0,1.5,0.0,0.5,0.83,0.0,0.0,0.0,7.33,2.5,20.0,0.99,1.33,0.06,0.5,1.0,0.0,0.0,0.0,1.0,0.0,0.0,0.83,0.17,0.17,0.33,1.0,0.0,12.67,8.17,6.83,3.33,5.83,4.83,20.83,62.68,69.24,59.72,0.83,2.0,41.67,3.33,1.0,43.0,1.17,0.33,22.17,2.5,2.17,79.17,13.83,9.17,66.17
VORA,BIND,207.36,15.56,12.78,5.66,2.78,129.09,21.02,53.62,11.2,10.1,3.67,2.94,1.34,0.52,0.48,13.7,4.7,0.8,0.1,0.7,0.5,0.0,0.0,0.0,9.2,1.5,19.3,0.92,1.2,0.06,0.6,1.0,0.0,0.4,0.0,1.0,0.0,0.0,1.0,0.0,0.0,0.0,1.0,0.0,12.7,8.7,5.4,3.6,7.0,4.6,21.4,60.61,63.77,60.42,1.7,2.0,85.0,2.4,1.7,76.6,0.9,0.4,28.3,4.0,3.0,76.5,14.1,7.6,54.9
VORA,HAVEN,211.82,16.36,14.56,5.87,1.8,135.37,20.18,55.8,11.55,10.64,3.76,3.22,1.34,0.53,0.47,15.18,5.45,0.45,0.0,0.82,0.64,0.36,0.09,0.0,9.73,3.36,21.09,0.97,1.91,0.09,0.18,1.0,0.0,0.82,0.0,1.0,0.0,0.0,1.0,0.0,0.0,0.0,1.0,0.0,12.45,9.73,5.45,3.82,6.36,5.64,22.18,58.35,63.69,53.03,1.36,2.0,68.18,2.82,1.55,59.18,1.91,0.36,12.09,3.09,1.82,59.91,14.36,8.73,62.64
VORA,SPLIT,209.36,15.13,12.91,5.3,2.21,132.77,19.14,58.86,10.79,9.79,3.74,3.11,1.29,0.53,0.47,14.57,4.0,0.86,0.0,0.57,0.5,0.29,0.0,0.0,8.71,1.86,19.43,0.97,1.36,0.07,0.57,1.0,0.0,0.21,0.0,1.0,0.0,0.0,1.0,0.21,0.0,1.0,0.0,0.0,12.5,8.07,4.79,3.14,7.36,4.57,20.57,62.59,63.79,61.47,1.0,2.0,50.0,3.0,1.07,40.93,1.07,0.07,3.57,3.07,2.36,83.71,13.43,9.0,67.5
dogz,ASCENT,198.6,15.2,17.0,3.8,-1.8,121.06,17.2,46.8,13.0,9.0,3.46,3.87,0.86,0.6,0.42,16.0,3.0,1.0,0.0,0.0,1.0,0.0,0.0,0.0,7.0,3.0,20.0,0.91,1.0,0.05,1.0,0.0,1.0,0.0,0.0,1.0,0.0,0.0,1.0,0.0,0.0,0.0,1.0,0.0,9.0,13.0,4.0,6.0,5.0,7.0,22.0,40.91,40.0,41.67,2.0,2.0,100.0,3.0,2.0,67.0,3.0,0.0,0.0,5.0,1.0,20.0,11.0,6.0,55.0
dogz,HAVEN,191.2,13.0,16.2,6.0,-3.2,119.52,12.8,47.6,9.0,12.0,3.09,3.86,1.43,0.43,0.57,15.0,0.0,0.0,0.0,0.0,0.0,1.0,0.0,0.0,4.0,3.0,15.0,0.72,1.0,0.05,0.0,1.0,0.0,1.0,0.0,1.0,0.0,0.0,1.0,0.0,0.0,0.0,1.0,0.0,8.0,13.0,5.0,7.0,3.0,6.0,21.0,38.1,41.67,33.33,0.0,2.0,0.0,4.0,0.0,0.0,1.0,0.0,0.0,3.0,2.0,67.0,13.0,6.0,46.0
dogz,SPLIT,152.0,7.6,14.6,2.2,-7.0,101.98,18.4,40.8,6.0,11.0,2.23,4.28,0.65,0.36,0.66,8.0,3.0,0.0,0.0,0.0,0.0,0.0,0.0,0.0,6.0,0.0,11.0,0.66,0.0,0.0,0.0,1.0,0.0,0.0,0.0,1.0,0.0,0.0,0.0,1.0,1.0,1.0,0.0,0.0,4.0,13.0,1.0,4.0,3.0,9.0,17.0,23.53,20.0,25.0,0.0,2.0,0.0,3.0,0.0,0.0,1.0,0.0,0.0,5.0,2.0,40.0,8.0,2.0,25.0
oNe,ASCENT,208.4,17.6,18.2,5.0,-0.6,128.96,24.6,48.2,12.0,12.0,3.66,3.79,1.05,0.49,0.5,18.0,5.0,0.0,0.0,2.0,1.0,1.0,0.0,0.0,5.0,5.0,23.0,0.96,4.0,0.16,1.0,0.0,0.0,1.0,0.0,1.0,0.0,0.0,1.0,0.0,0.0,0.0,1.0,0.0,13.0,11.0,10.0,2.0,3.0,9.0,24.0,54.17,83.33,25.0,1.0,2.0,50.0,2.0,1.0,50.0,3.0,1.0,33.0,5.0,3.0,60.0,14.0,8.0,57.0
oNe,BIND,186.4,15.2,17.6,5.0,-2.4,116.58,19.8,49.0,11.0,13.0,3.15,3.66,1.03,0.44,0.53,14.0,3.0,1.0,0.0,0.0,0.0,0.0,0.0,0.0,8.0,2.0,18.0,0.73,0.0,0.0,1.0,1.0,1.0,0.0,0.0,1.0,0.0,0.0,1.0,0.0,0.0,0.0,0.0,0.0,11.0,13.0,4.0,8.0,7.0,5.0,24.0,45.83,33.33,58.33,0.0,2.0,0.0,3.0,0.0,0.0,3.0,0.0,0.0,1.0,0.0,0.0,17.0,11.0,65.0
oNe,HAVEN,205.2,15.6,16.4,3.8,-0.8,127.44,19.4,49.0,13.0,10.0,3.41,3.57,0.82,0.56,0.43,10.0,5.0,1.0,0.0,2.0,1.0,0.0,0.0,0.0,8.0,3.0,16.0,0.7,3.0,0.12,1.0,0.0,0.0,1.0,0.0,1.0,0.0,0.0,0.0,0.0,1.0,0.0,1.0,0.0,10.0,13.0,7.0,5.0,3.0,8.0,23.0,43.48,58.33,27.27,0.0,2.0,0.0,3.0,1.0,33.0,1.0,0.0,0.0,3.0,2.0,67.0,16.0,7.0,44.0
oNe,SPLIT,194.87,15.53,17.33,4.47,-1.8,123.05,20.73,48.13,12.0,10.67,3.3,3.93,0.93,0.54,0.46,12.67,4.33,0.67,0.0,2.0,1.0,0.0,0.0,0.0,6.33,3.0,17.67,0.76,3.0,0.12,1.0,1.0,0.33,0.0,0.0,1.0,0.0,0.0,1.0,0.0,0.0,0.67,0.0,0.0,9.67,13.0,6.0,5.67,3.0,6.0,22.67,38.84,52.53,25.0,0.33,2.0,16.67,3.33,0.33,16.67,2.0,0.67,50.0,3.67,0.67,9.67,13.67,8.0,55.33
paiN,ASCENT,210.21,15.12,14.12,5.43,1.0,131.92,23.19,54.03,11.8,8.67,3.7,3.47,1.32,0.58,0.43,12.53,4.6,0.93,0.13,1.2,0.4,0.0,0.0,0.0,7.6,2.07,18.2,0.89,1.6,0.08,0.67,0.33,0.0,0.13,0.0,1.0,0.0,0.0,0.67,0.87,0.33,0.0,1.0,0.0,11.33,9.07,5.6,3.87,5.53,5.13,20.4,55.87,57.99,52.95,1.13,2.0,56.67,3.13,1.27,47.73,1.07,0.13,13.33,3.67,2.07,62.67,12.53,7.87,62.73
paiN,BIND,198.61,14.76,14.43,5.24,0.33,124.46,24.01,51.28,11.0,10.2,3.45,3.43,1.22,0.51,0.49,14.0,4.27,0.67,0.2,1.13,0.13,0.07,0.0,0.0,6.0,2.2,19.13,0.89,1.33,0.06,0.0,0.73,0.93,0.07,0.0,0.73,0.27,0.0,1.0,0.27,0.0,0.0,1.0,0.0,10.93,10.27,6.4,3.87,4.4,6.4,21.2,50.39,59.91,40.97,0.87,2.0,43.33,3.07,0.93,38.8,1.6,0.2,13.33,3.4,1.93,52.6,13.13,7.87,56.6
paiN,HAVEN,202.65,14.46,13.98,5.28,0.48,128.73,23.57,54.63,10.77,10.0,3.52,3.32,1.29,0.53,0.47,11.77,4.15,0.92,0.38,0.92,0.46,0.15,0.08,0.0,8.0,2.08,17.23,0.85,1.62,0.08,0.77,0.23,0.46,0.15,0.0,1.0,0.0,0.0,0.92,0.08,0.0,0.38,1.0,0.0,10.85,9.92,4.46,5.62,6.38,4.08,20.77,53.83,47.66,63.39,0.92,2.0,46.15,3.31,1.15,39.62,1.15,0.23,15.38,3.85,2.08,60.62,12.46,7.38,59.85
paiN,ICEBOX,167.6,11.0,15.6,2.8,-4.6,103.4,19.0,40.4,7.0,12.0,2.89,4.1,0.74,0.37,0.63,9.0,0.0,1.0,0.0,1.0,0.0,0.0,0.0,0.0,3.0,2.0,10.0,0.53,1.0,0.05,1.0,1.0,0.0,0.0,0.0,1.0,0.0,0.0,0.0,0.0,1.0,0.0,0.0,1.0,6.0,13.0,5.0,7.0,1.0,6.0,19.0,31.58,41.67,14.29,1.0,2.0,50.0,3.0,1.0,33.0,2.0,0.0,0.0,5.0,3.0,60.0,9.0,2.0,22.0
paiN,SPLIT,205.13,14.97,13.47,5.0,1.51,131.2,21.23,52.69,11.87,8.8,3.63,3.25,1.22,0.58,0.43,13.13,4.2,0.73,0.07,0.73,0.53,0.13,0.0,0.0,7.4,1.47,18.13,0.88,1.4,0.07,0.8,1.0,0.0,0.2,0.0,1.0,0.0,0.0,1.0,0.0,0.6,0.4,0.0,0.0,11.4,9.27,5.07,4.07,6.2,5.0,20.67,55.68,57.63,56.52,1.2,2.0,60.0,2.93,1.4,51.53,1.4,0.33,22.2,3.33,2.07,63.13,13.0,7.6,56.53
